<?xml version="1.0" encoding="UTF-8"?>
<beans xmlns:xsi="http://www.w3.org/2001/XMLSchema-instance"
       xmlns="http://www.springframework.org/schema/beans"
       xmlns:aop="http://www.springframework.org/schema/aop"
       xmlns:context="http://www.springframework.org/schema/context"
       xmlns:tx="http://www.springframework.org/schema/tx"
       xmlns:cache="http://www.springframework.org/schema/cache"
       xmlns:p="http://www.springframework.org/schema/p"
       xsi:schemaLocation="http://www.springframework.org/schema/beans
     http://www.springframework.org/schema/beans/spring-beans-4.3.xsd
     http://www.springframework.org/schema/aop
     http://www.springframework.org/schema/aop/spring-aop-4.3.xsd
     http://www.springframework.org/schema/context
     http://www.springframework.org/schema/context/spring-context-4.3.xsd
     http://www.springframework.org/schema/tx
     http://www.springframework.org/schema/tx/spring-tx-4.3.xsd
     http://www.springframework.org/schema/cache
     http://www.springframework.org/schema/cache/spring-cache-4.3.xsd">


        <!--Session工厂里面配置的-->
    <bean id="sqlSessionFactory" class="org.mybatis.spring.SqlSessionFactoryBean">
        <!-- 数据源 -->
        <property name="dataSource" ref="dataSource"></property>
        <!-- 别名 -->
        <property name="typeAliasesPackage" value="com.offcn.bean"></property>
        <!-- 映射文件 -->
        <property name="mapperLocations" value="classpath:mapper/*.xml"></property>
        <!--         分页插件配置 -->
                <property name="plugins">
                    <array>
                        <bean class="com.github.pagehelper.PageInterceptor">
                            <property name="properties">
                                <value>
                                    helperDialect=mysql
                                    reasonable=true
                                    supportMethodsArguments=true
                                    params=count=countSql
                                    autoRuntimeDialect=true
                                </value>
                            </property>
                        </bean>
                    </array>
                </property>
    </bean>

    <!--代理对象-->
    <!--代理对象-->
    <bean class="org.mybatis.spring.mapper.MapperScannerConfigurer">
        <!-- 扫描指定的com.offcn.dao包下的所有的接口 -->
        <property name="basePackage" value="com.offcn.*.dao"></property>
    </bean>

</beans>