<?xml version="1.0" encoding="UTF-8"?>
<beans xmlns:xsi="http://www.w3.org/2001/XMLSchema-instance"
       xmlns="http://www.springframework.org/schema/beans"
       xmlns:aop="http://www.springframework.org/schema/aop"
       xmlns:context="http://www.springframework.org/schema/context"
       xmlns:tx="http://www.springframework.org/schema/tx"
       xmlns:cache="http://www.springframework.org/schema/cache"
       xmlns:p="http://www.springframework.org/schema/p"
       xsi:schemaLocation="http://www.springframework.org/schema/beans
     http://www.springframework.org/schema/beans/spring-beans-4.3.xsd
     http://www.springframework.org/schema/aop
     http://www.springframework.org/schema/aop/spring-aop-4.3.xsd
     http://www.springframework.org/schema/context
     http://www.springframework.org/schema/context/spring-context-4.3.xsd
     http://www.springframework.org/schema/tx
     http://www.springframework.org/schema/tx/spring-tx-4.3.xsd
     http://www.springframework.org/schema/cache
     http://www.springframework.org/schema/cache/spring-cache-4.3.xsd">

    <!--事务管理-->
    <!--管理对象-->
    <bean id="transactionManager" class="org.springframework.jdbc.datasource.DataSourceTransactionManager">
        <!-- 控制数据源即可控制事务 -->
        <property name="dataSource" ref="dataSource"></property>
    </bean>
    <!--注解驱动-->
    <tx:annotation-driven></tx:annotation-driven>
    <!--自动代理-->
    <aop:aspectj-autoproxy></aop:aspectj-autoproxy>
</beans>