<?xml version="1.0" encoding="UTF-8"?>
<beans xmlns:xsi="http://www.w3.org/2001/XMLSchema-instance"
       xmlns="http://www.springframework.org/schema/beans"
       xmlns:aop="http://www.springframework.org/schema/aop"
       xmlns:context="http://www.springframework.org/schema/context"
       xmlns:tx="http://www.springframework.org/schema/tx"
       xmlns:cache="http://www.springframework.org/schema/cache"
       xmlns:mvc="http://www.springframework.org/schema/mvc"
       xsi:schemaLocation="http://www.springframework.org/schema/beans
     http://www.springframework.org/schema/beans/spring-beans-4.3.xsd
     http://www.springframework.org/schema/aop
     http://www.springframework.org/schema/aop/spring-aop-4.3.xsd
     http://www.springframework.org/schema/context
     http://www.springframework.org/schema/context/spring-context-4.3.xsd
     http://www.springframework.org/schema/tx
     http://www.springframework.org/schema/tx/spring-tx-4.3.xsd
     http://www.springframework.org/schema/cache
     http://www.springframework.org/schema/cache/spring-cache-4.3.xsd
     http://www.springframework.org/schema/mvc
     http://www.springframework.org/schema/mvc/spring-mvc-4.3.xsd">



    <!--扫描包-->
    <context:component-scan base-package="com.offcn" use-default-filters="false">
        <!-- 只扫描控制器，即所有添加了controller注解的类被扫描 -->
        <context:include-filter type="annotation" expression="org.springframework.stereotype.Controller"/>
        <!--不扫描Service-->
        <!--防止事务偶尔失效-->
        <context:exclude-filter type="annotation" expression="org.springframework.stereotype.Service" />
    </context:component-scan>

    <!--注解驱动-->
    <mvc:annotation-driven conversion-service="conversionService"></mvc:annotation-driven><!--工厂的注册-->

    <!--静态资源释放不被拦截-->
    <mvc:default-servlet-handler></mvc:default-servlet-handler>

    <!--视图解析器-->
    <bean class="org.springframework.web.servlet.view.InternalResourceViewResolver">
       <!-- <property name="prefix" value="/WEB-INF/views/"></property>
        <property name="suffix" value=".jsp"></property>-->
    </bean>

    <!--日期转换工厂-->
    <bean id="conversionService" class="org.springframework.format.support.FormattingConversionServiceFactoryBean">
        <property name="converters">
            <list>
                <bean class="com.offcn.converter.DateConverter"></bean>
            </list>
        </property>
    </bean>


    <!--校验器工厂-->


    <!--文件上传解析器-->
</beans>